--
-- PostgreSQL database dump
--

-- Dumped from database version 12.3
-- Dumped by pg_dump version 12.3

SET statement_timeout = 0;
SET lock_timeout = 0;
SET idle_in_transaction_session_timeout = 0;
SET client_encoding = 'UTF8';
SET standard_conforming_strings = on;
SELECT pg_catalog.set_config('search_path', '', false);
SET check_function_bodies = false;
SET xmloption = content;
SET client_min_messages = warning;
SET row_security = off;

--
-- Name: uuid-ossp; Type: EXTENSION; Schema: -; Owner: -
--

CREATE EXTENSION IF NOT EXISTS "uuid-ossp" WITH SCHEMA public;


--
-- Name: EXTENSION "uuid-ossp"; Type: COMMENT; Schema: -; Owner: 
--

COMMENT ON EXTENSION "uuid-ossp" IS 'generate universally unique identifiers (UUIDs)';


SET default_tablespace = '';

SET default_table_access_method = heap;

--
-- Name: app_user; Type: TABLE; Schema: public; Owner: postgres
--

CREATE TABLE public.app_user (
    user_id uuid DEFAULT public.uuid_generate_v4() NOT NULL,
    user_name character varying(255) NOT NULL,
    user_email character varying(255) NOT NULL,
    user_password character varying(255) NOT NULL,
    role character varying DEFAULT 'User'::character varying,
    active boolean DEFAULT true
);


ALTER TABLE public.app_user OWNER TO postgres;

--
-- Name: product; Type: TABLE; Schema: public; Owner: postgres
--

CREATE TABLE public.product (
    product_id integer NOT NULL,
    product_name character varying(255),
    product_size integer NOT NULL,
    product_category character varying,
    par_level integer DEFAULT 0 NOT NULL
);


ALTER TABLE public.product OWNER TO postgres;

--
-- Name: product_product_id_seq; Type: SEQUENCE; Schema: public; Owner: postgres
--

CREATE SEQUENCE public.product_product_id_seq
    AS integer
    START WITH 1
    INCREMENT BY 1
    NO MINVALUE
    NO MAXVALUE
    CACHE 1;


ALTER TABLE public.product_product_id_seq OWNER TO postgres;

--
-- Name: product_product_id_seq; Type: SEQUENCE OWNED BY; Schema: public; Owner: postgres
--

ALTER SEQUENCE public.product_product_id_seq OWNED BY public.product.product_id;


--
-- Name: product_stocklist; Type: TABLE; Schema: public; Owner: postgres
--

CREATE TABLE public.product_stocklist (
    product_stocklist_id integer NOT NULL,
    product_id integer,
    stocklist_id integer,
    index integer
);


ALTER TABLE public.product_stocklist OWNER TO postgres;

--
-- Name: product_stocklist_product_stocklist_id_seq; Type: SEQUENCE; Schema: public; Owner: postgres
--

CREATE SEQUENCE public.product_stocklist_product_stocklist_id_seq
    AS integer
    START WITH 1
    INCREMENT BY 1
    NO MINVALUE
    NO MAXVALUE
    CACHE 1;


ALTER TABLE public.product_stocklist_product_stocklist_id_seq OWNER TO postgres;

--
-- Name: product_stocklist_product_stocklist_id_seq; Type: SEQUENCE OWNED BY; Schema: public; Owner: postgres
--

ALTER SEQUENCE public.product_stocklist_product_stocklist_id_seq OWNED BY public.product_stocklist.product_stocklist_id;


--
-- Name: sales_record; Type: TABLE; Schema: public; Owner: postgres
--

CREATE TABLE public.sales_record (
    sales_record_id integer NOT NULL,
    product_id integer NOT NULL,
    sales double precision,
    stocktake integer NOT NULL
);


ALTER TABLE public.sales_record OWNER TO postgres;

--
-- Name: sales_record_sales_record_id_seq; Type: SEQUENCE; Schema: public; Owner: postgres
--

CREATE SEQUENCE public.sales_record_sales_record_id_seq
    AS integer
    START WITH 1
    INCREMENT BY 1
    NO MINVALUE
    NO MAXVALUE
    CACHE 1;


ALTER TABLE public.sales_record_sales_record_id_seq OWNER TO postgres;

--
-- Name: sales_record_sales_record_id_seq; Type: SEQUENCE OWNED BY; Schema: public; Owner: postgres
--

ALTER SEQUENCE public.sales_record_sales_record_id_seq OWNED BY public.sales_record.sales_record_id;


--
-- Name: stocklist; Type: TABLE; Schema: public; Owner: postgres
--

CREATE TABLE public.stocklist (
    stocklist_id integer NOT NULL,
    stocklist_name character varying(50)
);


ALTER TABLE public.stocklist OWNER TO postgres;

--
-- Name: stocklist_stocklist_id_seq; Type: SEQUENCE; Schema: public; Owner: postgres
--

CREATE SEQUENCE public.stocklist_stocklist_id_seq
    AS integer
    START WITH 1
    INCREMENT BY 1
    NO MINVALUE
    NO MAXVALUE
    CACHE 1;


ALTER TABLE public.stocklist_stocklist_id_seq OWNER TO postgres;

--
-- Name: stocklist_stocklist_id_seq; Type: SEQUENCE OWNED BY; Schema: public; Owner: postgres
--

ALTER SEQUENCE public.stocklist_stocklist_id_seq OWNED BY public.stocklist.stocklist_id;


--
-- Name: stocklist_stocktake_user; Type: TABLE; Schema: public; Owner: postgres
--

CREATE TABLE public.stocklist_stocktake_user (
    stocklist_id integer NOT NULL,
    stocktake_id integer NOT NULL,
    user_id uuid,
    completed boolean DEFAULT false,
    user_message character varying,
    completed_message character varying
);


ALTER TABLE public.stocklist_stocktake_user OWNER TO postgres;

--
-- Name: stocktake; Type: TABLE; Schema: public; Owner: postgres
--

CREATE TABLE public.stocktake (
    stocktake_id integer NOT NULL,
    stocktake_date timestamp without time zone DEFAULT now(),
    active boolean DEFAULT true
);


ALTER TABLE public.stocktake OWNER TO postgres;

--
-- Name: stocktake_quantity; Type: TABLE; Schema: public; Owner: postgres
--

CREATE TABLE public.stocktake_quantity (
    stocktake_quantity_id integer NOT NULL,
    product_stocklist_id integer NOT NULL,
    quantity numeric,
    stocktake integer NOT NULL
);


ALTER TABLE public.stocktake_quantity OWNER TO postgres;

--
-- Name: stocktake_quantity_stocktake_quantity_id_seq; Type: SEQUENCE; Schema: public; Owner: postgres
--

CREATE SEQUENCE public.stocktake_quantity_stocktake_quantity_id_seq
    AS integer
    START WITH 1
    INCREMENT BY 1
    NO MINVALUE
    NO MAXVALUE
    CACHE 1;


ALTER TABLE public.stocktake_quantity_stocktake_quantity_id_seq OWNER TO postgres;

--
-- Name: stocktake_quantity_stocktake_quantity_id_seq; Type: SEQUENCE OWNED BY; Schema: public; Owner: postgres
--

ALTER SEQUENCE public.stocktake_quantity_stocktake_quantity_id_seq OWNED BY public.stocktake_quantity.stocktake_quantity_id;


--
-- Name: stocktake_stocktake_id_seq; Type: SEQUENCE; Schema: public; Owner: postgres
--

CREATE SEQUENCE public.stocktake_stocktake_id_seq
    AS integer
    START WITH 1
    INCREMENT BY 1
    NO MINVALUE
    NO MAXVALUE
    CACHE 1;


ALTER TABLE public.stocktake_stocktake_id_seq OWNER TO postgres;

--
-- Name: stocktake_stocktake_id_seq; Type: SEQUENCE OWNED BY; Schema: public; Owner: postgres
--

ALTER SEQUENCE public.stocktake_stocktake_id_seq OWNED BY public.stocktake.stocktake_id;


--
-- Name: product product_id; Type: DEFAULT; Schema: public; Owner: postgres
--

ALTER TABLE ONLY public.product ALTER COLUMN product_id SET DEFAULT nextval('public.product_product_id_seq'::regclass);


--
-- Name: product_stocklist product_stocklist_id; Type: DEFAULT; Schema: public; Owner: postgres
--

ALTER TABLE ONLY public.product_stocklist ALTER COLUMN product_stocklist_id SET DEFAULT nextval('public.product_stocklist_product_stocklist_id_seq'::regclass);


--
-- Name: sales_record sales_record_id; Type: DEFAULT; Schema: public; Owner: postgres
--

ALTER TABLE ONLY public.sales_record ALTER COLUMN sales_record_id SET DEFAULT nextval('public.sales_record_sales_record_id_seq'::regclass);


--
-- Name: stocklist stocklist_id; Type: DEFAULT; Schema: public; Owner: postgres
--

ALTER TABLE ONLY public.stocklist ALTER COLUMN stocklist_id SET DEFAULT nextval('public.stocklist_stocklist_id_seq'::regclass);


--
-- Name: stocktake stocktake_id; Type: DEFAULT; Schema: public; Owner: postgres
--

ALTER TABLE ONLY public.stocktake ALTER COLUMN stocktake_id SET DEFAULT nextval('public.stocktake_stocktake_id_seq'::regclass);


--
-- Name: stocktake_quantity stocktake_quantity_id; Type: DEFAULT; Schema: public; Owner: postgres
--

ALTER TABLE ONLY public.stocktake_quantity ALTER COLUMN stocktake_quantity_id SET DEFAULT nextval('public.stocktake_quantity_stocktake_quantity_id_seq'::regclass);


--
-- Data for Name: app_user; Type: TABLE DATA; Schema: public; Owner: postgres
--

COPY public.app_user (user_id, user_name, user_email, user_password, role, active) FROM stdin;
ae97cf79-6af1-4ee9-ac0d-77e78ebf1ecc	Willy	user3@mail.com	$2b$10$Ex0.gXaMHeY1YCvIFb1q/.x1N4DBWsiZLU2/t980uxRxru8Jly5j6	User	f
6d37fa19-c0d3-43ce-abff-e5e676c8941a	Jim	james@gmail.com	$2b$10$fmp5bH.xJ1dTNCJrx9vHHuB38zTLXPsryrK6xqqp9LDvuSppZXFcK	Admin	f
08697a07-4aae-417b-9430-5d59faaac545	Paul	p21@email.com	$2b$10$836HH7ncnsuYlvPqk6Mp.uPZTy9QWFm0YerX5ZZtXmOoDr7hWiBWK	Admin	t
c0684785-7671-42a7-aa02-846b7e59333e	Alan Simpson	test@email.com	$2b$10$UiZaTkC6PFydu1KDMTKQvumbfniU7dzCaFcjz/.UZrfDMtggB/5cO	Admin	t
448778e7-fa3f-4120-af72-7ecb7353266f	Megan	user@email.com	$2b$10$kQF7v9PsKuLU9Rxsipf3b.fiVj9K1/UjW9oi1WrogYH3JkgzjQ6hO	User	t
486a67a7-cc40-4a44-a230-bd9d01eeca47	David	user2@email.com	$2b$10$DFCNSoHFaE.sZKD1ChV6KuIn7GHHA34QIxhQLS93iAG6DYDCS6mXy	User	t
66058f68-76c9-4b22-a3a1-c5f5db808d77	Admin	newuser@gmail.com	$2b$10$cOgahws9Qr3/..bilyxCpOPygMaKwzvUq.Z8NSFdaFI9BXxCFEdBK	Admin	t
\.


--
-- Data for Name: product; Type: TABLE DATA; Schema: public; Owner: postgres
--

COPY public.product (product_id, product_name, product_size, product_category, par_level) FROM stdin;
6	Smirnoff	70	Vodka	5
7	Bushmills	70	Whiskey	4
8	Bacardi	70	Rum	3
10	Baileys	70	Liqueur	4
11	New Amsterdam	70	Rum	4
12	Bacardi Anejo	70	Vodka	3
\.


--
-- Data for Name: product_stocklist; Type: TABLE DATA; Schema: public; Owner: postgres
--

COPY public.product_stocklist (product_stocklist_id, product_id, stocklist_id, index) FROM stdin;
191	11	44	2
186	6	44	3
193	10	44	1
192	8	44	0
190	7	44	4
206	6	59	\N
208	10	59	\N
207	8	59	\N
209	12	59	\N
210	11	59	\N
211	7	59	\N
212	12	44	\N
\.


--
-- Data for Name: sales_record; Type: TABLE DATA; Schema: public; Owner: postgres
--

COPY public.sales_record (sales_record_id, product_id, sales, stocktake) FROM stdin;
245	11	\N	4379
246	7	\N	4379
247	6	\N	4379
248	12	\N	4379
249	10	\N	4379
250	8	\N	4379
251	11	7	4380
252	8	7	4380
253	7	7	4380
254	6	5	4380
255	12	1	4380
256	10	1	4380
257	11	1	4381
258	6	9	4381
259	8	4	4381
260	7	8	4381
261	12	8	4381
262	10	11	4381
265	10	3	4382
266	6	4	4382
264	11	11	4382
263	12	5	4382
267	7	2	4382
268	8	5	4382
269	10	0	4383
270	7	0	4383
271	12	0	4383
273	11	0	4383
272	8	0	4383
274	6	10	4383
276	11	0	4384
277	6	0	4384
275	10	0	4384
278	12	0	4384
279	7	0	4384
280	8	0	4384
281	11	0	4385
283	6	0	4385
285	12	0	4385
282	10	0	4385
284	7	0	4385
286	8	0	4385
287	11	0	4386
288	8	0	4386
289	6	0	4386
290	7	0	4386
291	12	0	4386
292	10	0	4386
293	11	0	4387
295	8	0	4387
294	6	0	4387
296	10	0	4387
297	12	0	4387
298	7	0	4387
299	11	7	4388
300	6	4	4388
301	7	8	4388
302	12	5	4388
303	8	7	4388
304	10	4	4388
\.


--
-- Data for Name: stocklist; Type: TABLE DATA; Schema: public; Owner: postgres
--

COPY public.stocklist (stocklist_id, stocklist_name) FROM stdin;
44	Bar Downstairs
59	New Stock
\.


--
-- Data for Name: stocklist_stocktake_user; Type: TABLE DATA; Schema: public; Owner: postgres
--

COPY public.stocklist_stocktake_user (stocklist_id, stocktake_id, user_id, completed, user_message, completed_message) FROM stdin;
44	4384	448778e7-fa3f-4120-af72-7ecb7353266f	t	jjkkj	\N
44	4385	448778e7-fa3f-4120-af72-7ecb7353266f	t	Don't forget stock room out the back!	\N
44	4386	448778e7-fa3f-4120-af72-7ecb7353266f	t	Dont forget under the sink!	Under the sink done. 
44	4389	448778e7-fa3f-4120-af72-7ecb7353266f	f	Assigned	\N
\.


--
-- Data for Name: stocktake; Type: TABLE DATA; Schema: public; Owner: postgres
--

COPY public.stocktake (stocktake_id, stocktake_date, active) FROM stdin;
4377	2020-08-24 10:00:00	f
4379	2020-08-31 10:00:00	f
4380	2020-09-07 10:00:00	f
4381	2020-09-14 10:00:00	f
4382	2020-09-14 10:00:00	f
4383	2020-09-14 10:00:00	f
4384	2020-09-14 10:00:00	f
4385	2020-09-14 10:00:00	f
4386	2020-09-14 10:00:00	f
4387	2020-09-14 10:00:00	f
4388	2020-09-14 10:00:00	f
4389	2020-09-14 10:00:00	t
\.


--
-- Data for Name: stocktake_quantity; Type: TABLE DATA; Schema: public; Owner: postgres
--

COPY public.stocktake_quantity (stocktake_quantity_id, product_stocklist_id, quantity, stocktake) FROM stdin;
2014	191	10	4377
2015	186	10	4377
2016	193	10	4377
2017	192	10	4377
2025	212	10	4377
2018	190	10	4377
2019	206	5	4377
2020	208	5	4377
2022	207	5	4377
2024	209	5	4377
2021	210	5	4377
2023	211	5	4377
2038	191	9	4379
2046	186	8	4379
2049	190	7	4379
2045	192	6	4379
2047	193	5	4379
2134	191	0	4387
2135	190	0	4387
2044	212	4	4379
2048	206	5	4379
2039	208	5	4379
2040	207	5	4379
2041	209	5	4379
2042	210	5	4379
2043	211	5	4379
2050	191	7	4380
2056	186	8	4380
2061	212	8	4380
2051	193	9	4380
2053	190	5	4380
2052	192	4	4380
2054	206	5	4380
2055	208	5	4380
2057	207	5	4380
2058	209	5	4380
2059	210	5	4380
2060	211	5	4380
2065	206	0	4381
2066	208	0	4381
2068	207	0	4381
2069	209	0	4381
2071	210	0	4381
2072	211	0	4381
2062	191	11	4381
2067	186	4	4381
2073	212	5	4381
2070	193	3	4381
2064	190	2	4381
2063	192	5	4381
2074	191	0	4382
2076	208	0	4382
2077	207	0	4382
2078	209	0	4382
2079	186	0	4382
2080	210	0	4382
2081	211	0	4382
2082	193	0	4382
2083	212	0	4382
2084	192	0	4382
2085	190	0	4382
2087	206	0	4383
2086	191	0	4383
2088	208	0	4383
2089	207	0	4383
2090	210	0	4383
2091	211	0	4383
2092	193	0	4383
2093	212	0	4383
2094	192	0	4383
2095	190	0	4383
2096	209	0	4383
2097	186	0	4383
2075	206	10	4382
2098	191	0	4384
2099	193	0	4384
2100	192	0	4384
2101	190	0	4384
2102	206	0	4384
2103	208	0	4384
2104	186	0	4384
2105	207	0	4384
2106	209	0	4384
2107	210	0	4384
2108	211	0	4384
2109	212	0	4384
2110	191	0	4385
2111	193	0	4385
2112	192	0	4385
2113	190	0	4385
2114	186	0	4385
2115	208	0	4385
2116	207	0	4385
2117	209	0	4385
2118	210	0	4385
2119	211	0	4385
2120	212	0	4385
2121	206	0	4385
2122	191	0	4386
2123	193	0	4386
2124	192	0	4386
2125	186	0	4386
2126	190	0	4386
2127	206	0	4386
2128	208	0	4386
2129	207	0	4386
2130	209	0	4386
2131	210	0	4386
2132	211	0	4386
2133	212	0	4386
2142	212	0	4387
2143	186	0	4387
2144	193	0	4387
2145	192	0	4387
2136	206	10	4387
2137	208	10	4387
2138	207	10	4387
2139	209	10	4387
2140	210	10	4387
2141	211	10	4387
2148	209	0	4388
2147	208	0	4388
2154	206	0	4388
2155	210	0	4388
2156	207	0	4388
2157	211	0	4388
2146	191	3	4388
2149	186	6	4388
2150	212	5	4388
2151	193	6	4388
2152	192	3	4388
2153	190	2	4388
2158	191	0	4389
2160	192	0	4389
2159	186	0	4389
2161	190	0	4389
2162	207	0	4389
2163	209	0	4389
2164	210	0	4389
2165	211	0	4389
2166	193	0	4389
2167	212	0	4389
2168	206	0	4389
2169	208	0	4389
\.


--
-- Name: product_product_id_seq; Type: SEQUENCE SET; Schema: public; Owner: postgres
--

SELECT pg_catalog.setval('public.product_product_id_seq', 12, true);


--
-- Name: product_stocklist_product_stocklist_id_seq; Type: SEQUENCE SET; Schema: public; Owner: postgres
--

SELECT pg_catalog.setval('public.product_stocklist_product_stocklist_id_seq', 212, true);


--
-- Name: sales_record_sales_record_id_seq; Type: SEQUENCE SET; Schema: public; Owner: postgres
--

SELECT pg_catalog.setval('public.sales_record_sales_record_id_seq', 304, true);


--
-- Name: stocklist_stocklist_id_seq; Type: SEQUENCE SET; Schema: public; Owner: postgres
--

SELECT pg_catalog.setval('public.stocklist_stocklist_id_seq', 59, true);


--
-- Name: stocktake_quantity_stocktake_quantity_id_seq; Type: SEQUENCE SET; Schema: public; Owner: postgres
--

SELECT pg_catalog.setval('public.stocktake_quantity_stocktake_quantity_id_seq', 2169, true);


--
-- Name: stocktake_stocktake_id_seq; Type: SEQUENCE SET; Schema: public; Owner: postgres
--

SELECT pg_catalog.setval('public.stocktake_stocktake_id_seq', 4389, true);


--
-- Name: product product_pkey; Type: CONSTRAINT; Schema: public; Owner: postgres
--

ALTER TABLE ONLY public.product
    ADD CONSTRAINT product_pkey PRIMARY KEY (product_id);


--
-- Name: product_stocklist product_stocklist_pkey; Type: CONSTRAINT; Schema: public; Owner: postgres
--

ALTER TABLE ONLY public.product_stocklist
    ADD CONSTRAINT product_stocklist_pkey PRIMARY KEY (product_stocklist_id);


--
-- Name: sales_record sales_record_pkey; Type: CONSTRAINT; Schema: public; Owner: postgres
--

ALTER TABLE ONLY public.sales_record
    ADD CONSTRAINT sales_record_pkey PRIMARY KEY (sales_record_id);


--
-- Name: stocklist stocklist_pkey; Type: CONSTRAINT; Schema: public; Owner: postgres
--

ALTER TABLE ONLY public.stocklist
    ADD CONSTRAINT stocklist_pkey PRIMARY KEY (stocklist_id);


--
-- Name: stocktake stocktake_pkey; Type: CONSTRAINT; Schema: public; Owner: postgres
--

ALTER TABLE ONLY public.stocktake
    ADD CONSTRAINT stocktake_pkey PRIMARY KEY (stocktake_id);


--
-- Name: stocktake_quantity stocktake_quantity_pkey; Type: CONSTRAINT; Schema: public; Owner: postgres
--

ALTER TABLE ONLY public.stocktake_quantity
    ADD CONSTRAINT stocktake_quantity_pkey PRIMARY KEY (stocktake_quantity_id);


--
-- Name: app_user users_pkey; Type: CONSTRAINT; Schema: public; Owner: postgres
--

ALTER TABLE ONLY public.app_user
    ADD CONSTRAINT users_pkey PRIMARY KEY (user_id);


--
-- Name: stocktake_quantity fk_product_stocktake_quantity; Type: FK CONSTRAINT; Schema: public; Owner: postgres
--

ALTER TABLE ONLY public.stocktake_quantity
    ADD CONSTRAINT fk_product_stocktake_quantity FOREIGN KEY (stocktake) REFERENCES public.stocktake(stocktake_id);


--
-- Name: stocklist_stocktake_user fk_stocklist; Type: FK CONSTRAINT; Schema: public; Owner: postgres
--

ALTER TABLE ONLY public.stocklist_stocktake_user
    ADD CONSTRAINT fk_stocklist FOREIGN KEY (stocklist_id) REFERENCES public.stocklist(stocklist_id);


--
-- Name: stocklist_stocktake_user fk_stocktake; Type: FK CONSTRAINT; Schema: public; Owner: postgres
--

ALTER TABLE ONLY public.stocklist_stocktake_user
    ADD CONSTRAINT fk_stocktake FOREIGN KEY (stocktake_id) REFERENCES public.stocktake(stocktake_id);


--
-- Name: stocklist_stocktake_user fk_user; Type: FK CONSTRAINT; Schema: public; Owner: postgres
--

ALTER TABLE ONLY public.stocklist_stocktake_user
    ADD CONSTRAINT fk_user FOREIGN KEY (user_id) REFERENCES public.app_user(user_id);


--
-- Name: product_stocklist product_stocklist_product_id_fk; Type: FK CONSTRAINT; Schema: public; Owner: postgres
--

ALTER TABLE ONLY public.product_stocklist
    ADD CONSTRAINT product_stocklist_product_id_fk FOREIGN KEY (product_id) REFERENCES public.product(product_id) ON DELETE CASCADE;


--
-- Name: product_stocklist product_stocklist_stocklist_id_fk; Type: FK CONSTRAINT; Schema: public; Owner: postgres
--

ALTER TABLE ONLY public.product_stocklist
    ADD CONSTRAINT product_stocklist_stocklist_id_fk FOREIGN KEY (stocklist_id) REFERENCES public.stocklist(stocklist_id) ON DELETE CASCADE;


--
-- Name: sales_record sales_record_product_id_fkey; Type: FK CONSTRAINT; Schema: public; Owner: postgres
--

ALTER TABLE ONLY public.sales_record
    ADD CONSTRAINT sales_record_product_id_fkey FOREIGN KEY (product_id) REFERENCES public.product(product_id);


--
-- Name: sales_record sales_record_stocktake_fkey; Type: FK CONSTRAINT; Schema: public; Owner: postgres
--

ALTER TABLE ONLY public.sales_record
    ADD CONSTRAINT sales_record_stocktake_fkey FOREIGN KEY (stocktake) REFERENCES public.stocktake(stocktake_id);


--
-- PostgreSQL database dump complete
--

